wind_speed_10m_previous_day1,wind_speed_10m_previous_day2,wind_speed_100m_previous_day1,wind_speed_100m_previous_day2,wind_direction_100m_previous_day1,wind_direction_100m_previous_day2,temperature_2m_previous_day1,temperature_2m_previous_day2,timestamp
27.9,26.9,45.1,43.8,257.0,257.0,3.8,3.1,2026-01-01 00:00:00
24.2,23.9,39.8,39.4,260.0,258.0,3.1,2.9,2026-01-01 01:00:00
26.2,22.2,42.1,37.4,258.0,263.0,2.2,2.8,2026-01-01 02:00:00
26.3,24.6,42.5,39.6,252.0,259.0,1.9,2.2,2026-01-01 03:00:00
23.8,24.3,39.6,39.2,256.0,257.0,1.7,1.6,2026-01-01 04:00:00
26.1,21.2,42.1,34.7,258.0,255.0,1.4,1.2,2026-01-01 05:00:00
19.4,17.6,31.8,29.5,256.0,252.0,0.9,0.8,2026-01-01 06:00:00
18.0,12.9,29.5,22.5,249.0,252.0,0.5,0.6,2026-01-01 07:00:00
15.0,9.9,24.7,17.6,248.0,255.0,0.4,0.4,2026-01-01 08:00:00
13.2,7.9,19.8,12.6,247.0,253.0,0.5,0.4,2026-01-01 09:00:00
11.1,7.4,15.1,10.1,245.0,254.0,0.7,0.6,2026-01-01 10:00:00
10.2,6.3,13.8,8.0,252.0,250.0,1.1,1.0,2026-01-01 11:00:00
8.8,3.3,11.7,4.0,252.0,270.0,1.3,1.4,2026-01-01 12:00:00
6.3,3.5,7.9,4.0,257.0,342.0,1.7,2.0,2026-01-01 13:00:00
4.0,6.9,4.6,8.1,283.0,32.0,1.9,2.1,2026-01-01 14:00:00
5.6,9.1,6.7,11.4,333.0,29.0,1.3,1.4,2026-01-01 15:00:00
4.7,7.9,7.0,11.9,3.0,42.0,0.6,0.2,2026-01-01 16:00:00
6.1,2.5,12.6,10.2,46.0,39.0,-0.6,-0.5,2026-01-01 17:00:00
2.9,1.3,9.4,7.7,58.0,28.0,-1.3,-1.0,2026-01-01 18:00:00
1.1,3.8,7.7,6.4,57.0,344.0,-1.4,-1.4,2026-01-01 19:00:00
0.3,3.8,4.8,6.8,63.0,323.0,-1.5,-2.4,2026-01-01 20:00:00
1.3,3.0,2.2,7.6,24.0,317.0,-1.1,-2.0,2026-01-01 21:00:00
3.8,3.8,4.3,8.9,327.0,284.0,-1.2,-1.7,2026-01-01 22:00:00
3.1,3.6,2.8,8.6,349.0,262.0,-0.8,-1.4,2026-01-01 23:00:00
2.8,3.2,2.3,5.9,342.0,247.0,-0.8,-0.6,2026-01-02 00:00:00
2.2,3.2,1.8,5.1,336.0,247.0,-0.7,-0.5,2026-01-02 01:00:00
2.1,2.3,1.9,5.4,338.0,222.0,-0.7,-0.6,2026-01-02 02:00:00
1.7,1.7,1.8,5.6,354.0,201.0,-0.7,-0.8,2026-01-02 03:00:00
2.7,1.1,2.5,3.0,30.0,155.0,-0.7,-1.2,2026-01-02 04:00:00
2.7,0.6,4.5,4.2,88.0,162.0,-0.9,-0.4,2026-01-02 05:00:00
1.7,0.8,4.0,2.1,98.0,110.0,-1.3,-0.9,2026-01-02 06:00:00
1.0,1.5,2.4,3.2,126.0,109.0,-1.5,-1.1,2026-01-02 07:00:00
2.5,2.9,2.7,4.3,118.0,107.0,-1.2,-1.4,2026-01-02 08:00:00
4.4,5.0,5.1,7.3,73.0,80.0,-0.6,-0.1,2026-01-02 09:00:00
8.4,9.5,10.3,12.1,55.0,53.0,0.3,0.8,2026-01-02 10:00:00
13.4,13.9,17.0,18.1,54.0,53.0,1.4,1.2,2026-01-02 11:00:00
15.3,14.4,19.8,18.9,52.0,50.0,2.2,2.1,2026-01-02 12:00:00
13.5,13.0,17.4,16.8,51.0,46.0,3.2,2.9,2026-01-02 13:00:00
11.9,12.1,15.3,15.5,47.0,46.0,3.3,2.9,2026-01-02 14:00:00
10.9,10.8,15.0,14.8,47.0,43.0,2.3,2.1,2026-01-02 15:00:00
9.3,8.4,17.2,16.2,58.0,53.0,0.7,0.7,2026-01-02 16:00:00
7.6,6.9,16.9,15.2,68.0,69.0,0.5,-0.6,2026-01-02 17:00:00
7.3,7.6,16.2,15.8,61.0,71.0,0.3,-0.9,2026-01-02 18:00:00
8.5,8.6,17.8,17.4,63.0,63.0,-0.1,-0.7,2026-01-02 19:00:00
10.0,10.6,19.4,20.1,68.0,62.0,-0.2,-0.6,2026-01-02 20:00:00
10.8,11.6,22.2,22.5,61.0,66.0,0.1,-0.5,2026-01-02 21:00:00
11.8,11.2,24.2,23.3,62.0,66.0,0.0,-0.7,2026-01-02 22:00:00
11.6,11.5,24.6,23.4,62.0,61.0,-0.5,-0.3,2026-01-02 23:00:00
10.7,10.8,24.1,23.7,59.0,63.0,-0.7,-0.8,2026-01-03 00:00:00
7.9,8.8,20.2,21.4,62.0,61.0,-0.9,-1.4,2026-01-03 01:00:00
5.8,7.8,16.5,19.2,63.0,64.0,-1.3,-1.9,2026-01-03 02:00:00
6.2,7.1,17.1,18.0,60.0,65.0,-2.0,-2.2,2026-01-03 03:00:00
7.1,7.2,18.6,17.8,60.0,67.0,-1.9,-2.5,2026-01-03 04:00:00
9.5,8.3,21.4,19.6,62.0,64.0,-2.6,-2.8,2026-01-03 05:00:00
9.8,9.2,21.7,21.0,64.0,62.0,-2.6,-2.9,2026-01-03 06:00:00
9.3,9.8,21.3,21.4,60.0,63.0,-2.7,-3.0,2026-01-03 07:00:00
10.7,11.2,21.0,21.8,61.0,63.0,-2.0,-2.4,2026-01-03 08:00:00
11.3,10.9,21.1,21.0,63.0,63.0,0.0,0.1,2026-01-03 09:00:00
13.4,12.5,19.6,17.5,58.0,58.0,2.1,2.3,2026-01-03 10:00:00
14.1,15.1,19.6,20.5,60.0,59.0,3.3,3.1,2026-01-03 11:00:00
14.3,15.5,19.4,21.1,57.0,60.0,4.1,3.9,2026-01-03 12:00:00
14.5,14.8,19.7,20.0,59.0,60.0,4.6,4.5,2026-01-03 13:00:00
14.0,14.7,19.4,20.4,62.0,60.0,4.7,4.5,2026-01-03 14:00:00
12.7,13.3,20.5,21.2,66.0,64.0,3.9,3.6,2026-01-03 15:00:00
9.8,10.3,21.7,22.5,66.0,63.0,1.9,1.7,2026-01-03 16:00:00
9.5,8.6,22.4,21.0,67.0,63.0,1.0,1.2,2026-01-03 17:00:00
8.8,9.3,22.3,23.0,66.0,66.0,0.9,1.0,2026-01-03 18:00:00
8.2,8.7,21.0,22.2,67.0,66.0,0.7,0.9,2026-01-03 19:00:00
8.4,7.8,21.0,21.2,69.0,66.0,0.6,0.6,2026-01-03 20:00:00
7.4,7.8,19.3,20.5,74.0,69.0,0.6,0.2,2026-01-03 21:00:00
7.3,8.6,19.4,21.3,70.0,70.0,0.8,-0.1,2026-01-03 22:00:00
6.6,10.6,17.9,23.5,71.0,72.0,0.8,-0.1,2026-01-03 23:00:00
7.3,10.9,18.7,23.1,74.0,74.0,0.9,0.1,2026-01-04 00:00:00
7.9,10.0,19.7,21.8,76.0,73.0,0.7,-0.2,2026-01-04 01:00:00
8.4,8.8,20.0,20.3,77.0,70.0,0.4,-0.6,2026-01-04 02:00:00
9.0,10.1,20.9,22.3,75.0,67.0,-0.1,-0.4,2026-01-04 03:00:00
9.5,11.7,21.5,23.7,71.0,73.0,-0.3,-0.1,2026-01-04 04:00:00
11.9,10.3,25.0,23.2,68.0,70.0,-0.5,-1.0,2026-01-04 05:00:00
12.1,11.0,24.8,24.3,71.0,70.0,-0.6,-0.9,2026-01-04 06:00:00
12.1,11.2,24.9,24.4,70.0,71.0,-0.8,-1.1,2026-01-04 07:00:00
11.7,12.1,23.7,25.0,70.0,72.0,-0.6,-0.6,2026-01-04 08:00:00
7.1,11.7,15.6,23.0,68.0,76.0,1.3,1.7,2026-01-04 09:00:00
9.9,6.5,12.4,11.8,254.0,71.0,2.1,3.6,2026-01-04 10:00:00
5.9,5.2,8.0,6.9,236.0,223.0,4.0,3.3,2026-01-04 11:00:00
9.2,7.2,11.7,9.4,266.0,266.0,4.8,4.7,2026-01-04 12:00:00
11.3,10.0,14.6,12.9,261.0,261.0,5.1,5.3,2026-01-04 13:00:00
12.2,12.0,16.4,16.2,261.0,262.0,5.2,5.2,2026-01-04 14:00:00
8.3,10.5,16.1,18.6,259.0,257.0,4.5,4.4,2026-01-04 15:00:00
7.4,8.4,17.4,18.5,259.0,249.0,1.7,2.1,2026-01-04 16:00:00
7.5,11.8,17.8,25.6,254.0,249.0,0.2,0.8,2026-01-04 17:00:00
10.5,13.5,22.5,27.0,230.0,243.0,0.4,0.4,2026-01-04 18:00:00
11.7,15.2,25.2,29.3,238.0,240.0,0.5,0.2,2026-01-04 19:00:00
9.3,16.0,22.7,29.8,241.0,235.0,0.1,0.1,2026-01-04 20:00:00
9.6,14.8,23.1,28.4,243.0,231.0,0.0,0.3,2026-01-04 21:00:00
11.5,14.3,25.3,28.2,237.0,230.0,-0.1,0.4,2026-01-04 22:00:00
9.1,10.7,22.7,25.1,236.0,235.0,-0.2,0.4,2026-01-04 23:00:00
7.5,10.7,19.8,25.4,235.0,239.0,-0.6,0.4,2026-01-05 00:00:00
6.3,12.2,17.0,26.7,242.0,242.0,-1.1,0.6,2026-01-05 01:00:00
4.6,13.5,15.0,27.2,247.0,239.0,-1.0,0.8,2026-01-05 02:00:00
4.5,14.2,15.1,27.6,250.0,235.0,-0.8,0.9,2026-01-05 03:00:00
5.3,13.5,16.0,26.3,247.0,232.0,-1.0,0.6,2026-01-05 04:00:00
5.5,11.1,15.9,23.8,242.0,235.0,-0.8,-0.1,2026-01-05 05:00:00
4.3,10.9,13.9,23.1,245.0,231.0,-0.6,-0.3,2026-01-05 06:00:00
2.5,10.1,11.0,21.7,251.0,230.0,-0.3,-0.6,2026-01-05 07:00:00
1.2,8.1,7.4,18.5,269.0,234.0,0.2,-0.1,2026-01-05 08:00:00
2.4,8.8,4.6,13.8,301.0,244.0,0.5,2.0,2026-01-05 09:00:00
1.0,8.5,2.2,11.4,294.0,273.0,1.3,2.9,2026-01-05 10:00:00
2.3,8.1,2.7,10.2,318.0,291.0,2.3,3.1,2026-01-05 11:00:00
3.1,7.2,3.7,8.6,281.0,296.0,2.8,3.2,2026-01-05 12:00:00
4.0,5.8,4.9,7.0,264.0,293.0,3.5,3.3,2026-01-05 13:00:00
4.2,5.1,5.1,6.0,253.0,286.0,3.7,3.4,2026-01-05 14:00:00
2.6,4.5,4.0,5.4,265.0,290.0,3.7,3.2,2026-01-05 15:00:00
2.7,5.2,3.9,8.9,323.0,328.0,1.6,1.1,2026-01-05 16:00:00
2.4,2.2,5.5,7.6,347.0,12.0,0.3,-0.5,2026-01-05 17:00:00
5.6,5.6,11.1,13.0,58.0,63.0,-0.7,-0.9,2026-01-05 18:00:00
6.8,7.5,17.3,19.2,57.0,58.0,-0.6,-0.7,2026-01-05 19:00:00
9.4,9.5,22.1,21.9,61.0,59.0,-0.6,-1.0,2026-01-05 20:00:00
7.7,7.8,19.8,19.7,65.0,61.0,-1.3,-1.8,2026-01-05 21:00:00
7.6,7.2,19.2,18.3,62.0,64.0,-2.0,-2.7,2026-01-05 22:00:00
7.2,8.5,18.3,18.8,62.0,73.0,-2.0,-3.2,2026-01-05 23:00:00
9.4,8.4,21.2,17.8,68.0,78.0,-2.2,-3.3,2026-01-06 00:00:00
10.0,10.3,21.1,20.0,70.0,88.0,-2.5,-2.8,2026-01-06 01:00:00
10.9,10.3,21.3,19.4,79.0,91.0,-2.3,-2.5,2026-01-06 02:00:00
11.7,11.8,21.6,21.7,83.0,84.0,-1.6,-2.1,2026-01-06 03:00:00
14.3,13.5,25.4,24.3,75.0,81.0,-1.4,-1.9,2026-01-06 04:00:00
15.2,15.2,26.0,25.4,82.0,83.0,-1.5,-2.0,2026-01-06 05:00:00
17.5,17.9,28.9,27.6,81.0,82.0,-1.8,-1.7,2026-01-06 06:00:00
18.9,18.3,30.0,29.4,86.0,88.0,-1.8,-2.0,2026-01-06 07:00:00
20.8,18.4,32.4,29.7,84.0,91.0,-1.9,-2.1,2026-01-06 08:00:00
21.8,18.0,35.4,29.3,79.0,85.0,-0.4,-0.5,2026-01-06 09:00:00
25.1,21.8,37.8,30.4,70.0,70.0,2.2,2.1,2026-01-06 10:00:00
30.0,27.7,42.9,38.8,68.0,65.0,3.7,3.7,2026-01-06 11:00:00
32.4,29.9,45.8,41.8,68.0,67.0,4.9,4.9,2026-01-06 12:00:00
31.9,29.1,44.7,40.5,70.0,71.0,5.5,5.6,2026-01-06 13:00:00
27.9,26.3,40.0,37.4,70.0,68.0,5.3,5.3,2026-01-06 14:00:00
23.0,22.7,36.5,36.2,71.0,65.0,4.6,4.3,2026-01-06 15:00:00
18.3,18.9,32.8,33.7,70.0,68.0,2.2,2.1,2026-01-06 16:00:00
14.6,15.7,29.1,30.3,70.0,72.0,-0.5,-0.1,2026-01-06 17:00:00
12.9,13.6,27.3,27.8,72.0,73.0,-1.7,-1.3,2026-01-06 18:00:00
12.6,12.6,27.2,26.6,68.0,71.0,-2.0,-1.8,2026-01-06 19:00:00
11.0,10.6,24.3,23.5,70.0,72.0,-2.4,-2.3,2026-01-06 20:00:00
7.5,6.8,17.0,16.7,80.0,76.0,-3.0,-2.9,2026-01-06 21:00:00
5.6,5.9,9.3,9.5,98.0,99.0,-3.7,-3.3,2026-01-06 22:00:00
5.2,5.3,5.9,7.4,117.0,93.0,-4.0,-3.9,2026-01-06 23:00:00
3.7,4.8,5.8,7.4,83.0,89.0,-3.9,-3.6,2026-01-07 00:00:00
3.9,3.1,7.0,4.2,87.0,110.0,-3.6,-3.5,2026-01-07 01:00:00
2.9,4.9,5.6,5.7,83.0,208.0,-3.1,-3.0,2026-01-07 02:00:00
3.6,5.5,3.6,11.4,213.0,243.0,-2.8,-2.6,2026-01-07 03:00:00
6.2,5.0,13.1,13.0,251.0,260.0,-2.7,-2.4,2026-01-07 04:00:00
5.2,5.6,12.3,13.2,248.0,250.0,-2.9,-2.9,2026-01-07 05:00:00
3.6,5.1,11.7,13.9,267.0,256.0,-2.8,-2.8,2026-01-07 06:00:00
6.4,5.3,16.3,13.8,262.0,257.0,-2.9,-2.9,2026-01-07 07:00:00
3.0,3.4,10.2,12.2,261.0,286.0,-2.2,-2.2,2026-01-07 08:00:00
4.4,4.0,7.7,9.6,298.0,293.0,-0.4,-0.3,2026-01-07 09:00:00
3.2,3.5,3.2,3.9,317.0,294.0,0.8,1.3,2026-01-07 10:00:00
4.6,5.9,4.7,6.4,342.0,331.0,2.1,2.4,2026-01-07 11:00:00
6.1,6.2,6.9,7.1,340.0,319.0,3.0,3.1,2026-01-07 12:00:00
5.0,3.8,5.9,4.5,325.0,272.0,3.4,3.8,2026-01-07 13:00:00
1.7,4.1,1.8,5.3,281.0,232.0,3.6,4.3,2026-01-07 14:00:00
0.3,2.3,1.0,4.7,225.0,261.0,3.2,3.5,2026-01-07 15:00:00
0.9,2.3,1.2,4.8,333.0,307.0,0.8,0.4,2026-01-07 16:00:00
0.3,2.2,2.3,7.8,39.0,48.0,-0.5,-1.3,2026-01-07 17:00:00
0.6,1.7,4.7,8.2,40.0,61.0,-1.1,-1.1,2026-01-07 18:00:00
2.6,4.1,9.1,12.4,41.0,57.0,-1.7,-1.7,2026-01-07 19:00:00
2.8,6.8,10.2,15.5,49.0,67.0,-2.1,-1.8,2026-01-07 20:00:00
2.4,5.6,10.0,14.3,64.0,73.0,-2.1,-2.5,2026-01-07 21:00:00
2.3,5.4,10.2,13.9,64.0,69.0,-2.1,-2.9,2026-01-07 22:00:00
1.5,5.4,7.1,14.0,74.0,67.0,-2.6,-2.8,2026-01-07 23:00:00
1.4,4.2,5.1,12.1,100.0,70.0,-2.8,-3.2,2026-01-08 00:00:00
1.3,4.1,4.9,11.7,73.0,67.0,-2.8,-3.3,2026-01-08 01:00:00
2.7,4.4,9.6,11.5,43.0,80.0,-2.8,-3.3,2026-01-08 02:00:00
1.5,3.2,8.0,9.6,70.0,64.0,-3.1,-3.7,2026-01-08 03:00:00
0.6,4.0,5.7,11.3,62.0,72.0,-3.7,-4.0,2026-01-08 04:00:00
4.5,4.0,13.2,10.7,68.0,77.0,-4.4,-4.5,2026-01-08 05:00:00
3.7,5.2,7.3,13.8,147.0,72.0,-4.4,-4.7,2026-01-08 06:00:00
0.6,5.1,1.7,13.7,32.0,76.0,-4.3,-4.9,2026-01-08 07:00:00
3.3,5.4,10.6,13.9,51.0,70.0,-4.0,-4.1,2026-01-08 08:00:00
5.3,9.2,10.7,17.4,67.0,68.0,-1.6,-1.7,2026-01-08 09:00:00
5.9,11.3,8.1,15.6,53.0,57.0,-0.2,0.0,2026-01-08 10:00:00
7.8,13.0,9.7,16.9,50.0,51.0,1.1,0.6,2026-01-08 11:00:00
8.4,13.7,10.7,18.1,50.0,56.0,1.9,1.6,2026-01-08 12:00:00
9.3,12.4,12.3,16.6,58.0,56.0,2.4,2.7,2026-01-08 13:00:00
8.2,12.0,10.8,16.0,60.0,51.0,2.5,3.0,2026-01-08 14:00:00
8.4,11.6,12.2,18.0,52.0,48.0,1.8,2.3,2026-01-08 15:00:00
5.8,8.0,14.8,20.7,59.0,57.0,-1.1,0.1,2026-01-08 16:00:00
4.1,7.2,13.8,18.9,61.0,61.0,-2.4,-2.1,2026-01-08 17:00:00
3.9,7.7,14.3,20.3,61.0,60.0,-2.4,-2.1,2026-01-08 18:00:00
5.0,8.6,15.7,22.5,60.0,60.0,-2.5,-1.8,2026-01-08 19:00:00
4.9,9.4,15.7,23.5,60.0,59.0,-2.5,-2.0,2026-01-08 20:00:00
4.5,9.5,14.6,23.6,61.0,63.0,-2.7,-2.4,2026-01-08 21:00:00
5.4,9.7,15.8,23.4,61.0,65.0,-2.9,-2.7,2026-01-08 22:00:00
6.5,9.1,18.7,21.9,61.0,67.0,-3.2,-3.1,2026-01-08 23:00:00
6.9,10.7,19.9,23.4,61.0,70.0,-3.6,-3.4,2026-01-09 00:00:00
6.6,11.7,19.3,25.1,62.0,70.0,-4.1,-3.4,2026-01-09 01:00:00
6.6,12.4,18.9,26.0,63.0,71.0,-4.3,-3.3,2026-01-09 02:00:00
6.7,11.9,19.2,25.9,64.0,69.0,-4.5,-3.4,2026-01-09 03:00:00
7.0,10.7,20.1,24.8,63.0,67.0,-4.7,-3.7,2026-01-09 04:00:00
8.7,10.5,22.6,24.9,64.0,67.0,-4.4,-3.9,2026-01-09 05:00:00
8.7,10.3,22.5,24.6,62.0,65.0,-4.5,-4.1,2026-01-09 06:00:00
7.2,10.1,21.0,24.5,61.0,65.0,-4.5,-4.4,2026-01-09 07:00:00
5.8,10.6,17.3,24.1,55.0,64.0,-4.1,-3.8,2026-01-09 08:00:00
7.0,11.6,16.6,25.2,49.0,61.0,-1.3,-0.8,2026-01-09 09:00:00
8.7,12.5,13.6,20.8,39.0,56.0,1.1,2.2,2026-01-09 10:00:00
13.1,14.5,17.6,20.4,43.0,49.0,3.0,3.8,2026-01-09 11:00:00
15.4,16.2,21.0,22.2,47.0,48.0,4.3,5.0,2026-01-09 12:00:00
16.7,16.0,23.2,22.3,46.0,45.0,5.0,5.5,2026-01-09 13:00:00
14.5,12.4,21.0,17.8,44.0,40.0,5.0,5.2,2026-01-09 14:00:00
8.7,5.8,17.3,13.2,48.0,40.0,3.9,4.0,2026-01-09 15:00:00
2.7,1.8,12.2,9.2,47.0,43.0,1.0,1.3,2026-01-09 16:00:00
1.4,2.0,9.0,11.2,46.0,62.0,-0.1,-0.6,2026-01-09 17:00:00
2.3,2.3,10.3,11.4,50.0,63.0,-0.6,-0.8,2026-01-09 18:00:00
3.5,4.0,12.5,14.0,57.0,62.0,-0.9,-1.0,2026-01-09 19:00:00
3.9,5.2,13.0,15.4,61.0,66.0,-1.2,-1.4,2026-01-09 20:00:00
4.9,5.7,14.4,15.8,62.0,66.0,-1.8,-1.9,2026-01-09 21:00:00
5.1,5.4,15.1,15.6,62.0,66.0,-2.3,-2.5,2026-01-09 22:00:00
6.1,5.4,17.8,15.6,63.0,66.0,-2.7,-2.7,2026-01-09 23:00:00
6.9,5.9,19.2,17.2,62.0,66.0,-3.0,-2.8,2026-01-10 00:00:00
6.7,6.7,19.1,18.9,62.0,66.0,-3.4,-2.9,2026-01-10 01:00:00
6.6,6.6,19.0,18.8,63.0,66.0,-3.7,-3.2,2026-01-10 02:00:00
6.6,6.7,19.0,18.4,63.0,66.0,-3.9,-3.6,2026-01-10 03:00:00
7.0,7.0,19.2,19.4,64.0,65.0,-4.1,-3.9,2026-01-10 04:00:00
7.0,6.8,19.6,19.3,64.0,65.0,-4.3,-4.1,2026-01-10 05:00:00
6.9,7.1,18.9,19.4,66.0,65.0,-4.5,-4.3,2026-01-10 06:00:00
6.8,7.2,18.6,19.6,67.0,65.0,-4.6,-4.3,2026-01-10 07:00:00
7.2,8.0,18.2,20.0,67.0,63.0,-3.7,-3.4,2026-01-10 08:00:00
9.0,10.6,19.3,22.2,66.0,61.0,-0.7,-0.4,2026-01-10 09:00:00
9.8,10.9,17.6,21.8,64.0,59.0,2.5,2.8,2026-01-10 10:00:00
12.7,13.1,17.8,18.2,57.0,54.0,4.2,4.3,2026-01-10 11:00:00
14.1,13.9,19.2,18.8,56.0,54.0,5.2,5.3,2026-01-10 12:00:00
13.9,13.3,19.2,18.5,58.0,55.0,5.7,5.8,2026-01-10 13:00:00
12.6,11.8,18.2,17.3,59.0,56.0,5.6,5.8,2026-01-10 14:00:00
9.6,8.9,17.8,17.1,66.0,66.0,4.5,4.7,2026-01-10 15:00:00
7.5,7.3,19.2,18.4,66.0,67.0,1.6,1.7,2026-01-10 16:00:00
8.6,8.8,22.4,22.4,67.0,67.0,0.3,0.5,2026-01-10 17:00:00
9.9,10.0,24.4,24.4,66.0,67.0,0.6,0.9,2026-01-10 18:00:00
10.2,10.1,25.0,25.0,68.0,68.0,0.6,0.9,2026-01-10 19:00:00
10.0,9.6,25.1,24.5,66.0,67.0,0.7,0.7,2026-01-10 20:00:00
9.5,8.9,24.5,23.7,65.0,65.0,0.5,0.4,2026-01-10 21:00:00
9.2,8.1,24.2,22.3,62.0,66.0,0.0,0.0,2026-01-10 22:00:00
10.4,7.8,25.2,21.4,63.0,67.0,-0.6,-0.5,2026-01-10 23:00:00
11.5,8.6,27.2,22.3,61.0,64.0,-1.2,-1.0,2026-01-11 00:00:00
12.5,10.7,27.4,24.6,67.0,65.0,-1.4,-1.3,2026-01-11 01:00:00
11.0,11.9,26.3,26.7,60.0,62.0,-1.6,-1.6,2026-01-11 02:00:00
10.5,12.6,24.9,27.6,65.0,64.0,-1.8,-1.7,2026-01-11 03:00:00
10.0,12.1,23.7,27.6,65.0,62.0,-2.1,-1.8,2026-01-11 04:00:00
11.7,11.3,25.9,25.8,65.0,63.0,-1.6,-1.6,2026-01-11 05:00:00
11.7,10.8,26.2,25.4,64.0,62.0,-1.3,-1.6,2026-01-11 06:00:00
11.5,10.3,25.8,24.7,65.0,64.0,-1.4,-2.1,2026-01-11 07:00:00
11.4,10.5,24.1,23.3,66.0,64.0,-1.1,-1.3,2026-01-11 08:00:00
13.5,13.6,23.6,25.0,65.0,63.0,1.6,1.6,2026-01-11 09:00:00
12.6,13.6,28.3,29.6,65.0,62.0,4.9,4.7,2026-01-11 10:00:00
16.7,17.0,25.5,26.3,59.0,57.0,6.4,6.2,2026-01-11 11:00:00
18.9,19.0,28.1,28.6,56.0,56.0,7.4,7.3,2026-01-11 12:00:00
17.9,18.2,29.3,29.9,56.0,56.0,7.6,7.8,2026-01-11 13:00:00
15.3,15.9,31.1,32.4,59.0,57.0,7.0,7.3,2026-01-11 14:00:00
11.3,14.4,23.1,27.1,61.0,60.0,5.6,6.1,2026-01-11 15:00:00
8.4,10.3,22.1,23.7,61.0,64.0,4.1,4.5,2026-01-11 16:00:00
8.0,7.9,21.0,21.4,65.0,60.0,2.8,2.5,2026-01-11 17:00:00
7.8,7.6,21.1,20.4,61.0,65.0,2.4,2.4,2026-01-11 18:00:00
7.6,7.6,20.1,20.8,66.0,68.0,2.0,1.8,2026-01-11 19:00:00
7.3,7.2,18.6,19.0,77.0,72.0,1.6,1.2,2026-01-11 20:00:00
7.9,7.9,19.5,19.9,73.0,76.0,1.6,1.6,2026-01-11 21:00:00
9.2,9.0,23.2,23.1,72.0,72.0,2.2,2.1,2026-01-11 22:00:00
10.4,10.9,24.3,26.4,71.0,64.0,3.0,2.5,2026-01-11 23:00:00
10.8,11.4,26.2,27.2,65.0,66.0,2.4,2.0,2026-01-12 00:00:00
10.1,10.8,25.7,26.7,67.0,67.0,2.1,1.4,2026-01-12 01:00:00
8.3,9.0,23.8,24.6,69.0,66.0,1.3,1.0,2026-01-12 02:00:00
7.3,8.7,19.9,23.7,84.0,72.0,1.0,0.8,2026-01-12 03:00:00
3.4,6.9,11.0,19.0,105.0,77.0,1.4,0.2,2026-01-12 04:00:00
2.3,3.8,5.9,9.2,135.0,123.0,2.0,1.5,2026-01-12 05:00:00
1.8,3.7,6.5,8.7,193.0,185.0,2.5,2.3,2026-01-12 06:00:00
5.1,1.5,12.5,7.4,231.0,225.0,1.4,2.4,2026-01-12 07:00:00
6.7,5.4,15.1,12.4,245.0,223.0,1.4,2.1,2026-01-12 08:00:00
9.5,9.6,16.7,18.6,248.0,248.0,3.6,4.6,2026-01-12 09:00:00
9.4,9.3,19.4,19.7,243.0,252.0,6.5,6.1,2026-01-12 10:00:00
11.5,9.9,14.9,14.6,250.0,251.0,7.3,6.6,2026-01-12 11:00:00
14.8,12.2,20.0,16.8,259.0,251.0,8.3,8.4,2026-01-12 12:00:00
15.7,14.8,21.8,20.4,260.0,258.0,9.1,9.1,2026-01-12 13:00:00
17.5,17.3,25.1,26.1,257.0,270.0,9.0,8.8,2026-01-12 14:00:00
16.7,20.0,28.7,34.7,260.0,270.0,7.8,8.1,2026-01-12 15:00:00
13.7,17.2,27.1,33.7,259.0,272.0,6.4,6.5,2026-01-12 16:00:00
12.7,11.4,24.8,24.2,258.0,266.0,6.2,5.7,2026-01-12 17:00:00
10.2,12.6,20.6,23.6,258.0,258.0,5.3,5.3,2026-01-12 18:00:00
8.3,14.5,20.1,25.1,255.0,244.0,5.0,4.9,2026-01-12 19:00:00
7.7,13.4,18.7,24.5,263.0,245.0,4.6,5.0,2026-01-12 20:00:00
13.6,12.0,26.4,21.9,259.0,239.0,4.3,5.0,2026-01-12 21:00:00
16.9,9.4,29.9,20.2,251.0,242.0,4.0,4.4,2026-01-12 22:00:00
8.4,12.6,17.5,23.6,231.0,250.0,1.7,2.7,2026-01-12 23:00:00
5.7,9.0,12.3,15.6,236.0,231.0,0.8,2.4,2026-01-13 00:00:00
6.7,6.2,14.8,13.7,247.0,237.0,0.8,0.8,2026-01-13 01:00:00
7.6,7.0,14.3,16.4,233.0,255.0,0.8,0.8,2026-01-13 02:00:00
4.9,7.6,9.5,16.9,237.0,251.0,-0.3,0.9,2026-01-13 03:00:00
5.6,8.0,10.2,16.6,240.0,233.0,-0.6,1.0,2026-01-13 04:00:00
1.7,6.3,2.2,12.2,42.0,225.0,-1.8,0.2,2026-01-13 05:00:00
4.8,4.7,3.6,9.6,143.0,232.0,-2.0,-0.4,2026-01-13 06:00:00
4.3,2.8,2.8,5.4,125.0,222.0,-2.6,-0.6,2026-01-13 07:00:00
5.9,1.8,7.8,1.0,85.0,211.0,-1.7,-0.1,2026-01-13 08:00:00
9.0,2.7,13.9,3.3,87.0,41.0,1.8,2.0,2026-01-13 09:00:00
11.2,5.9,20.9,8.5,66.0,72.0,5.2,3.5,2026-01-13 10:00:00
15.3,11.3,20.6,16.4,56.0,57.0,5.7,5.1,2026-01-13 11:00:00
16.0,15.6,21.8,21.5,56.0,55.0,5.4,5.5,2026-01-13 12:00:00
15.6,15.5,21.5,21.5,55.0,54.0,5.8,5.7,2026-01-13 13:00:00
15.9,14.8,22.7,21.3,56.0,56.0,5.8,5.8,2026-01-13 14:00:00
14.8,14.5,25.3,24.1,58.0,57.0,4.9,5.0,2026-01-13 15:00:00
13.7,13.1,27.7,27.0,60.0,60.0,3.2,3.3,2026-01-13 16:00:00
16.2,11.9,32.4,27.1,63.0,63.0,2.2,1.8,2026-01-13 17:00:00
17.3,12.7,32.8,27.8,66.0,65.0,1.2,1.1,2026-01-13 18:00:00
15.9,13.0,30.3,27.2,71.0,67.0,0.3,0.3,2026-01-13 19:00:00
14.3,12.4,27.8,25.9,75.0,69.0,-0.4,-0.6,2026-01-13 20:00:00
12.6,11.3,25.3,23.8,77.0,72.0,-0.5,-1.0,2026-01-13 21:00:00
11.4,10.3,22.5,21.8,79.0,75.0,-0.4,-1.0,2026-01-13 22:00:00
9.9,10.4,19.8,22.0,82.0,73.0,-0.5,-1.2,2026-01-13 23:00:00
8.8,9.7,18.4,20.7,81.0,75.0,-0.4,-1.0,2026-01-14 00:00:00
8.5,8.1,17.7,19.0,81.0,75.0,-0.5,-1.4,2026-01-14 01:00:00
7.7,7.2,16.1,17.9,83.0,75.0,-0.8,-1.9,2026-01-14 02:00:00
6.6,6.7,13.3,16.9,92.0,75.0,-1.4,-2.1,2026-01-14 03:00:00
6.3,6.7,11.7,16.6,88.0,75.0,-1.8,-2.3,2026-01-14 04:00:00
6.5,4.1,13.9,6.1,80.0,102.0,-1.9,-2.8,2026-01-14 05:00:00
5.2,3.7,11.8,5.1,79.0,144.0,-2.7,-2.7,2026-01-14 06:00:00
3.6,4.3,6.7,6.4,93.0,218.0,-2.6,-2.6,2026-01-14 07:00:00
3.1,4.7,3.7,7.9,113.0,259.0,-2.4,-1.8,2026-01-14 08:00:00
2.7,7.0,1.6,9.8,180.0,256.0,0.2,-0.3,2026-01-14 09:00:00
3.3,7.1,2.7,9.0,270.0,258.0,2.1,1.3,2026-01-14 10:00:00
3.0,6.7,3.0,8.0,295.0,278.0,3.5,2.8,2026-01-14 11:00:00
4.7,8.0,5.4,9.6,278.0,279.0,4.4,3.6,2026-01-14 12:00:00
7.9,9.2,9.4,11.3,267.0,272.0,4.9,4.0,2026-01-14 13:00:00
11.4,10.8,14.4,13.9,262.0,266.0,4.4,3.8,2026-01-14 14:00:00
11.4,10.5,15.8,14.2,255.0,263.0,3.3,3.0,2026-01-14 15:00:00
7.1,7.9,15.4,15.9,252.0,250.0,1.1,0.9,2026-01-14 16:00:00
6.7,9.0,15.8,20.0,246.0,243.0,-1.0,-0.8,2026-01-14 17:00:00
9.2,10.0,18.9,21.8,243.0,238.0,-1.6,-1.3,2026-01-14 18:00:00
10.9,9.4,21.9,22.1,243.0,240.0,-2.3,-1.6,2026-01-14 19:00:00
9.7,9.1,20.9,22.4,241.0,243.0,-2.5,-2.1,2026-01-14 20:00:00
9.7,9.6,21.1,23.0,240.0,244.0,-2.8,-2.4,2026-01-14 21:00:00
9.4,8.9,21.1,21.9,239.0,245.0,-3.2,-2.8,2026-01-14 22:00:00
7.0,8.7,17.3,20.9,242.0,251.0,-3.7,-3.6,2026-01-14 23:00:00
7.6,8.6,16.6,19.9,260.0,249.0,-4.1,-4.6,2026-01-15 00:00:00
7.5,6.4,15.5,16.4,243.0,245.0,-5.1,-5.4,2026-01-15 01:00:00
4.0,4.1,11.4,12.5,252.0,259.0,-5.1,-6.1,2026-01-15 02:00:00
6.1,3.6,11.5,10.3,272.0,263.0,-5.4,-6.7,2026-01-15 03:00:00
4.8,3.7,10.2,8.3,256.0,266.0,-6.1,-7.1,2026-01-15 04:00:00
3.4,3.6,7.6,7.9,256.0,258.0,-6.0,-7.4,2026-01-15 05:00:00
3.6,2.5,6.5,7.4,264.0,267.0,-5.8,-7.6,2026-01-15 06:00:00
3.6,6.9,5.0,12.8,270.0,268.0,-5.6,-7.7,2026-01-15 07:00:00
4.1,5.3,3.0,8.4,303.0,255.0,-5.2,-6.8,2026-01-15 08:00:00
6.9,5.7,7.5,6.7,310.0,284.0,-5.0,-5.7,2026-01-15 09:00:00
4.4,5.0,4.8,5.5,329.0,32.0,-4.3,-4.4,2026-01-15 10:00:00
4.1,8.0,3.9,9.7,338.0,25.0,-4.8,-4.0,2026-01-15 11:00:00
5.3,5.0,6.5,6.0,46.0,21.0,-3.6,-3.3,2026-01-15 12:00:00
11.3,3.2,14.6,3.9,39.0,68.0,-2.1,-2.4,2026-01-15 13:00:00
8.8,5.5,12.9,6.3,42.0,24.0,-2.3,-1.6,2026-01-15 14:00:00
9.1,3.8,14.5,4.5,55.0,34.0,-1.7,-2.2,2026-01-15 15:00:00
8.4,2.6,18.6,6.2,47.0,68.0,-2.2,-2.8,2026-01-15 16:00:00
1.8,8.9,5.2,8.5,27.0,249.0,-3.4,-2.4,2026-01-15 17:00:00
3.4,5.9,2.6,10.2,205.0,219.0,-3.0,-1.8,2026-01-15 18:00:00
5.8,1.6,7.0,1.9,283.0,56.0,-2.3,-1.8,2026-01-15 19:00:00
5.2,4.2,5.4,9.3,264.0,19.0,-2.6,-2.8,2026-01-15 20:00:00
4.2,1.8,5.3,3.1,294.0,10.0,-3.1,-3.5,2026-01-15 21:00:00
7.1,5.1,9.3,4.8,255.0,257.0,-3.1,-3.9,2026-01-15 22:00:00
8.5,6.2,10.1,6.4,274.0,320.0,-3.5,-2.4,2026-01-15 23:00:00
8.0,7.5,14.2,11.3,238.0,272.0,-3.5,-3.0,2026-01-16 00:00:00
7.5,9.8,13.4,17.1,255.0,253.0,-3.6,-3.1,2026-01-16 01:00:00
6.6,3.3,11.5,8.5,253.0,249.0,-3.5,-3.4,2026-01-16 02:00:00
8.4,4.1,14.3,8.3,264.0,272.0,-4.0,-3.9,2026-01-16 03:00:00
6.0,6.8,10.4,12.0,244.0,256.0,-3.9,-3.6,2026-01-16 04:00:00
6.0,6.7,11.6,12.6,251.0,261.0,-4.1,-2.7,2026-01-16 05:00:00
7.5,10.1,12.6,17.5,250.0,245.0,-3.9,-2.7,2026-01-16 06:00:00
9.0,11.9,14.5,18.1,235.0,227.0,-3.9,-3.1,2026-01-16 07:00:00
8.9,10.9,13.9,16.0,222.0,235.0,-3.5,-3.2,2026-01-16 08:00:00
7.3,11.8,10.2,16.4,233.0,240.0,-3.1,-3.3,2026-01-16 09:00:00
9.6,10.2,11.7,14.2,271.0,244.0,-2.5,-3.3,2026-01-16 10:00:00
8.5,11.4,10.7,15.6,253.0,251.0,-3.1,-4.2,2026-01-16 11:00:00
8.7,11.9,10.8,15.9,274.0,247.0,-2.9,-3.7,2026-01-16 12:00:00
8.5,11.3,10.4,15.3,280.0,258.0,-2.9,-3.6,2026-01-16 13:00:00
13.0,12.7,17.1,17.4,267.0,254.0,-3.2,-3.5,2026-01-16 14:00:00
12.2,15.0,15.9,21.3,252.0,254.0,-3.5,-3.9,2026-01-16 15:00:00
13.1,14.6,17.3,21.4,254.0,257.0,-3.9,-4.3,2026-01-16 16:00:00
15.2,12.5,21.0,18.2,247.0,249.0,-5.1,-5.0,2026-01-16 17:00:00
15.8,13.2,21.8,18.9,253.0,251.0,-6.1,-6.1,2026-01-16 18:00:00
17.1,15.3,23.6,21.9,246.0,247.0,-7.2,-7.4,2026-01-16 19:00:00
17.1,15.0,24.2,21.6,242.0,243.0,-8.2,-8.2,2026-01-16 20:00:00
19.3,15.4,27.0,21.9,249.0,240.0,-8.9,-8.5,2026-01-16 21:00:00
19.5,17.6,27.7,25.4,245.0,243.0,-9.7,-9.5,2026-01-16 22:00:00
22.2,19.8,32.2,28.6,247.0,244.0,-10.3,-10.1,2026-01-16 23:00:00
24.0,21.2,34.9,30.9,243.0,246.0,-11.2,-11.1,2026-01-17 00:00:00
24.3,20.6,36.7,30.6,250.0,250.0,-12.0,-12.2,2026-01-17 01:00:00
24.2,22.3,35.9,32.7,248.0,247.0,-13.2,-13.1,2026-01-17 02:00:00
25.7,25.9,39.2,38.2,249.0,250.0,-14.1,-14.2,2026-01-17 03:00:00
26.1,25.0,39.5,37.5,250.0,248.0,-14.6,-14.9,2026-01-17 04:00:00
25.4,27.5,38.2,42.0,248.0,247.0,-15.5,-15.7,2026-01-17 05:00:00
25.9,27.1,37.2,40.8,245.0,248.0,-15.7,-15.6,2026-01-17 06:00:00
25.0,26.2,36.8,39.4,247.0,247.0,-16.0,-16.0,2026-01-17 07:00:00
23.5,24.8,36.0,37.5,247.0,246.0,-16.3,-16.2,2026-01-17 08:00:00
21.7,22.9,32.1,33.8,244.0,247.0,-16.1,-15.6,2026-01-17 09:00:00
18.1,20.4,25.9,29.5,247.0,246.0,-15.3,-15.2,2026-01-17 10:00:00
15.2,19.1,21.0,26.8,248.0,246.0,-14.5,-14.1,2026-01-17 11:00:00
13.2,16.9,17.9,22.7,251.0,249.0,-13.9,-13.3,2026-01-17 12:00:00
11.6,13.1,15.7,16.9,257.0,253.0,-13.4,-12.8,2026-01-17 13:00:00
9.6,11.4,13.3,14.3,254.0,255.0,-13.5,-12.3,2026-01-17 14:00:00
7.4,9.8,11.0,12.2,260.0,262.0,-13.4,-12.7,2026-01-17 15:00:00
7.2,8.9,10.5,10.9,265.0,261.0,-13.9,-13.3,2026-01-17 16:00:00
7.1,7.2,8.8,8.6,259.0,262.0,-14.7,-13.9,2026-01-17 17:00:00
5.0,5.4,7.5,6.3,246.0,257.0,-15.0,-14.3,2026-01-17 18:00:00
6.3,5.5,9.7,6.1,241.0,238.0,-15.1,-14.3,2026-01-17 19:00:00
6.2,5.8,10.5,7.4,243.0,252.0,-15.1,-14.3,2026-01-17 20:00:00
6.4,5.3,8.9,6.7,241.0,262.0,-15.0,-14.4,2026-01-17 21:00:00
5.5,4.7,7.6,5.6,255.0,268.0,-15.3,-14.2,2026-01-17 22:00:00
3.1,3.5,5.0,3.9,255.0,294.0,-15.5,-14.5,2026-01-17 23:00:00
3.8,4.8,4.5,5.7,307.0,316.0,-15.6,-14.9,2026-01-18 00:00:00
4.2,4.3,4.8,4.5,304.0,286.0,-15.8,-15.3,2026-01-18 01:00:00
2.2,2.7,1.5,2.3,300.0,293.0,-15.7,-15.4,2026-01-18 02:00:00
1.5,2.8,1.1,2.2,351.0,325.0,-15.6,-15.6,2026-01-18 03:00:00
1.0,2.3,1.1,1.9,90.0,331.0,-15.5,-15.8,2026-01-18 04:00:00
0.4,1.0,3.6,4.2,30.0,18.0,-16.5,-15.8,2026-01-18 05:00:00
0.4,0.9,6.0,4.8,39.0,22.0,-15.7,-15.5,2026-01-18 06:00:00
0.8,1.7,4.7,3.6,32.0,37.0,-15.4,-15.1,2026-01-18 07:00:00
1.3,0.5,4.2,4.9,40.0,54.0,-14.9,-14.5,2026-01-18 08:00:00
3.6,3.6,6.4,7.3,38.0,57.0,-13.9,-13.8,2026-01-18 09:00:00
5.0,6.6,7.1,9.6,38.0,43.0,-13.0,-12.9,2026-01-18 10:00:00
7.6,11.9,11.2,17.4,41.0,45.0,-11.8,-11.1,2026-01-18 11:00:00
10.3,14.0,15.4,20.8,43.0,47.0,-9.3,-9.9,2026-01-18 12:00:00
11.0,14.6,17.1,21.7,45.0,49.0,-7.8,-8.4,2026-01-18 13:00:00
10.4,13.6,16.8,21.3,47.0,49.0,-7.2,-7.9,2026-01-18 14:00:00
9.3,12.0,16.2,20.0,47.0,45.0,-7.2,-8.4,2026-01-18 15:00:00
9.7,8.6,15.5,19.2,47.0,48.0,-7.9,-8.9,2026-01-18 16:00:00
4.7,6.4,14.7,17.5,62.0,53.0,-10.4,-10.6,2026-01-18 17:00:00
3.1,6.2,11.9,16.9,68.0,59.0,-11.2,-10.9,2026-01-18 18:00:00
3.3,6.5,12.6,17.4,64.0,58.0,-11.0,-11.1,2026-01-18 19:00:00
5.9,6.7,14.7,17.8,66.0,60.0,-11.3,-11.4,2026-01-18 20:00:00
6.9,7.2,17.5,18.8,65.0,58.0,-11.3,-11.5,2026-01-18 21:00:00
7.9,8.5,20.2,21.3,62.0,57.0,-11.0,-11.5,2026-01-18 22:00:00
8.8,8.7,22.1,21.8,60.0,56.0,-10.8,-11.3,2026-01-18 23:00:00
9.3,9.0,22.5,22.2,57.0,56.0,-10.7,-11.7,2026-01-19 00:00:00
10.5,9.3,24.2,22.4,57.0,57.0,-10.6,-11.4,2026-01-19 01:00:00
11.0,9.9,24.5,23.1,57.0,58.0,-10.6,-11.7,2026-01-19 02:00:00
11.7,10.6,25.0,23.3,58.0,61.0,-10.7,-11.5,2026-01-19 03:00:00
12.1,11.4,24.9,23.4,62.0,63.0,-10.6,-11.0,2026-01-19 04:00:00
12.8,14.1,24.9,25.5,64.0,62.0,-10.7,-10.2,2026-01-19 05:00:00
13.4,14.3,25.4,26.0,63.0,61.0,-10.6,-10.2,2026-01-19 06:00:00
13.1,14.5,25.7,26.3,62.0,62.0,-10.7,-10.4,2026-01-19 07:00:00
12.8,14.7,25.0,25.4,63.0,63.0,-10.3,-9.9,2026-01-19 08:00:00
11.3,14.2,28.2,26.6,63.0,61.0,-8.8,-7.9,2026-01-19 09:00:00
14.0,17.6,28.4,26.1,56.0,54.0,-7.1,-5.9,2026-01-19 10:00:00
16.0,21.4,28.8,29.5,50.0,51.0,-5.6,-3.8,2026-01-19 11:00:00
18.7,23.2,30.6,31.3,47.0,49.0,-4.3,-2.8,2026-01-19 12:00:00
18.7,23.3,30.4,31.4,47.0,50.0,-3.3,-1.6,2026-01-19 13:00:00
17.1,22.0,28.6,30.1,46.0,50.0,-2.6,-1.3,2026-01-19 14:00:00
14.0,19.6,27.9,27.5,46.0,48.0,-3.4,-1.6,2026-01-19 15:00:00
11.6,15.9,25.9,28.7,52.0,50.0,-4.8,-3.2,2026-01-19 16:00:00
8.3,11.6,22.0,25.5,58.0,57.0,-6.6,-5.1,2026-01-19 17:00:00
7.3,8.3,18.8,20.8,61.0,62.0,-8.4,-6.3,2026-01-19 18:00:00
6.2,7.6,16.8,18.8,66.0,65.0,-8.0,-7.2,2026-01-19 19:00:00
4.9,7.4,14.3,18.2,69.0,69.0,-8.3,-7.6,2026-01-19 20:00:00
4.2,6.4,12.2,15.8,71.0,71.0,-9.4,-7.8,2026-01-19 21:00:00
4.0,5.4,9.9,13.6,74.0,73.0,-9.1,-7.9,2026-01-19 22:00:00
4.1,5.2,10.8,13.5,69.0,67.0,-9.5,-8.8,2026-01-19 23:00:00
4.0,5.2,11.0,14.2,66.0,64.0,-9.5,-9.0,2026-01-20 00:00:00
3.2,5.4,10.9,14.8,66.0,66.0,-9.2,-9.0,2026-01-20 01:00:00
2.9,5.1,10.1,14.6,66.0,66.0,-9.2,-8.9,2026-01-20 02:00:00
1.8,5.2,7.5,14.5,70.0,67.0,-8.9,-8.8,2026-01-20 03:00:00
1.9,4.6,5.1,12.7,86.0,69.0,-8.4,-9.0,2026-01-20 04:00:00
3.6,5.0,7.6,12.8,72.0,74.0,-9.1,-9.3,2026-01-20 05:00:00
1.9,5.0,5.7,12.1,79.0,78.0,-9.1,-8.4,2026-01-20 06:00:00
1.0,5.0,3.6,10.7,87.0,81.0,-8.8,-8.5,2026-01-20 07:00:00
1.4,1.7,2.5,4.7,356.0,108.0,-8.8,-7.5,2026-01-20 08:00:00
0.9,0.5,0.9,1.3,259.0,196.0,-8.6,-7.1,2026-01-20 09:00:00
2.8,1.3,5.6,3.7,266.0,247.0,-6.3,-6.1,2026-01-20 10:00:00
5.2,3.3,9.4,6.5,266.0,267.0,-4.9,-4.3,2026-01-20 11:00:00
5.1,4.2,9.4,7.9,275.0,254.0,-4.5,-3.7,2026-01-20 12:00:00
5.4,5.5,10.0,10.6,279.0,251.0,-3.3,-2.7,2026-01-20 13:00:00
4.7,4.7,9.2,9.6,263.0,256.0,-3.1,-2.2,2026-01-20 14:00:00
4.2,4.8,8.3,9.6,270.0,283.0,-3.5,-2.6,2026-01-20 15:00:00
3.2,5.3,8.6,12.5,299.0,286.0,-5.3,-4.4,2026-01-20 16:00:00
1.9,1.4,7.2,7.6,295.0,313.0,-7.8,-7.1,2026-01-20 17:00:00
0.8,0.5,5.2,5.2,299.0,344.0,-8.5,-7.9,2026-01-20 18:00:00
0.4,1.1,3.8,6.2,343.0,22.0,-8.7,-8.2,2026-01-20 19:00:00
1.6,1.8,5.8,8.7,30.0,42.0,-8.9,-8.2,2026-01-20 20:00:00
3.6,3.1,10.3,11.2,55.0,53.0,-9.0,-7.9,2026-01-20 21:00:00
6.5,5.2,16.5,15.5,59.0,58.0,-9.4,-9.2,2026-01-20 22:00:00
6.7,7.2,16.6,19.6,58.0,60.0,-9.9,-9.9,2026-01-20 23:00:00
8.1,7.2,21.9,20.2,60.0,60.0,-9.8,-9.3,2026-01-21 00:00:00
9.6,8.1,23.7,21.8,60.0,59.0,-9.9,-9.4,2026-01-21 01:00:00
11.3,9.9,26.1,24.7,59.0,60.0,-10.1,-9.4,2026-01-21 02:00:00
13.5,12.4,28.8,26.9,60.0,61.0,-10.0,-9.5,2026-01-21 03:00:00
15.8,14.0,31.0,28.7,63.0,64.0,-10.1,-9.6,2026-01-21 04:00:00
16.2,17.0,31.6,32.7,64.0,67.0,-10.2,-9.3,2026-01-21 05:00:00
16.0,16.3,31.3,31.6,66.0,67.0,-10.0,-9.1,2026-01-21 06:00:00
16.3,16.6,32.1,32.0,65.0,66.0,-9.6,-9.0,2026-01-21 07:00:00
16.2,16.3,31.9,31.7,65.0,67.0,-8.9,-8.3,2026-01-21 08:00:00
16.3,15.6,31.3,32.7,66.0,65.0,-6.8,-6.3,2026-01-21 09:00:00
17.5,15.7,36.1,33.8,61.0,61.0,-5.2,-4.1,2026-01-21 10:00:00
18.1,18.4,39.2,33.0,58.0,54.0,-3.4,-2.6,2026-01-21 11:00:00
19.9,20.8,35.8,34.8,52.0,51.0,-1.5,-1.0,2026-01-21 12:00:00
22.6,21.9,36.5,38.6,53.0,53.0,-0.4,0.2,2026-01-21 13:00:00
20.5,21.2,35.8,35.4,55.0,55.0,0.2,0.6,2026-01-21 14:00:00
18.5,19.0,33.7,34.3,59.0,57.0,-0.1,0.2,2026-01-21 15:00:00
15.2,15.9,30.0,31.1,61.0,61.0,-1.6,-1.4,2026-01-21 16:00:00
12.0,13.8,25.9,28.9,65.0,65.0,-3.9,-4.0,2026-01-21 17:00:00
10.1,11.9,22.8,26.4,70.0,72.0,-5.7,-5.3,2026-01-21 18:00:00
10.4,13.3,24.1,28.9,68.0,69.0,-6.3,-5.4,2026-01-21 19:00:00
13.2,15.2,28.3,32.1,65.0,65.0,-6.1,-5.5,2026-01-21 20:00:00
14.4,16.0,30.3,33.3,64.0,68.0,-5.7,-5.2,2026-01-21 21:00:00
14.5,12.8,30.3,28.5,68.0,73.0,-5.7,-5.5,2026-01-21 22:00:00
14.8,14.9,30.2,31.4,68.0,67.0,-5.9,-5.0,2026-01-21 23:00:00
13.4,14.2,28.6,29.6,68.0,70.0,-5.4,-5.3,2026-01-22 00:00:00
14.1,13.4,28.5,27.9,72.0,71.0,-5.0,-5.6,2026-01-22 01:00:00
11.9,11.7,25.2,25.3,67.0,70.0,-5.6,-5.6,2026-01-22 02:00:00
7.4,7.2,19.0,17.6,72.0,72.0,-6.4,-6.0,2026-01-22 03:00:00
3.2,3.8,8.9,4.7,63.0,92.0,-7.7,-7.3,2026-01-22 04:00:00
3.0,3.5,4.0,2.4,82.0,138.0,-8.6,-7.4,2026-01-22 05:00:00
6.3,2.7,18.9,3.6,54.0,333.0,-8.0,-8.1,2026-01-22 06:00:00
0.9,4.1,10.8,4.2,43.0,258.0,-7.3,-9.1,2026-01-22 07:00:00
4.2,2.8,10.0,5.4,81.0,84.0,-7.2,-7.6,2026-01-22 08:00:00
6.0,7.1,20.3,22.2,48.0,48.0,-5.2,-4.8,2026-01-22 09:00:00
4.7,8.4,17.7,22.9,55.0,62.0,-1.5,-1.7,2026-01-22 10:00:00
3.8,6.5,7.4,14.2,49.0,27.0,-0.7,0.4,2026-01-22 11:00:00
7.7,4.4,15.3,7.7,34.0,336.0,-0.5,-0.2,2026-01-22 12:00:00
4.9,6.9,9.4,11.7,282.0,265.0,0.1,-0.6,2026-01-22 13:00:00
5.4,10.0,10.0,16.7,290.0,277.0,-0.5,-0.6,2026-01-22 14:00:00
10.6,11.7,20.6,20.7,265.0,269.0,-1.6,-1.3,2026-01-22 15:00:00
6.8,8.8,16.8,19.8,241.0,234.0,-2.6,-2.5,2026-01-22 16:00:00
15.4,11.5,30.8,23.9,235.0,246.0,-4.6,-4.2,2026-01-22 17:00:00
14.9,12.9,30.7,25.7,245.0,245.0,-5.0,-3.8,2026-01-22 18:00:00
11.9,14.1,25.0,26.4,241.0,238.0,-5.4,-4.7,2026-01-22 19:00:00
19.4,14.0,33.4,26.0,244.0,246.0,-5.7,-5.8,2026-01-22 20:00:00
19.7,20.5,35.2,36.0,238.0,239.0,-6.5,-6.8,2026-01-22 21:00:00
18.3,16.5,32.7,30.4,247.0,244.0,-6.9,-6.5,2026-01-22 22:00:00
19.2,19.6,32.9,34.6,241.0,239.0,-7.7,-7.4,2026-01-22 23:00:00
21.4,19.2,38.2,33.3,239.0,238.0,-7.8,-7.4,2026-01-23 00:00:00
18.8,19.3,33.5,32.8,245.0,244.0,-8.0,-7.1,2026-01-23 01:00:00
18.5,17.7,32.9,29.7,239.0,246.0,-7.8,-5.9,2026-01-23 02:00:00
17.1,16.7,28.9,28.5,250.0,249.0,-6.6,-5.5,2026-01-23 03:00:00
19.1,15.1,31.2,25.3,243.0,257.0,-6.3,-5.3,2026-01-23 04:00:00
16.7,14.7,27.1,24.0,252.0,247.0,-5.9,-5.9,2026-01-23 05:00:00
17.3,13.7,27.7,23.0,250.0,254.0,-5.9,-5.6,2026-01-23 06:00:00
15.5,12.5,25.8,20.8,255.0,247.0,-5.7,-5.7,2026-01-23 07:00:00
13.7,14.2,23.0,22.2,255.0,249.0,-5.4,-5.4,2026-01-23 08:00:00
13.6,11.6,20.5,16.9,246.0,256.0,-4.9,-4.4,2026-01-23 09:00:00
12.6,8.6,18.2,11.0,252.0,244.0,-3.9,-3.9,2026-01-23 10:00:00
15.9,7.4,23.8,12.7,254.0,276.0,-3.0,-2.3,2026-01-23 11:00:00
14.2,6.4,22.2,9.9,249.0,270.0,-2.0,-2.2,2026-01-23 12:00:00
13.9,7.9,21.5,10.4,247.0,255.0,-1.7,-2.1,2026-01-23 13:00:00
9.0,8.7,14.0,11.6,241.0,238.0,-1.7,-2.4,2026-01-23 14:00:00
8.2,5.9,12.4,9.2,228.0,222.0,-1.8,-2.5,2026-01-23 15:00:00
5.3,7.4,8.7,12.6,223.0,237.0,-2.8,-2.7,2026-01-23 16:00:00
10.7,12.1,18.2,22.1,231.0,260.0,-4.0,-4.0,2026-01-23 17:00:00
8.9,13.5,16.0,24.6,220.0,261.0,-4.5,-4.2,2026-01-23 18:00:00
12.1,15.4,22.5,25.9,256.0,264.0,-4.6,-4.3,2026-01-23 19:00:00
11.8,13.1,22.4,23.8,256.0,262.0,-4.7,-4.7,2026-01-23 20:00:00
11.7,12.7,21.4,23.1,246.0,255.0,-5.1,-5.5,2026-01-23 21:00:00
12.1,14.6,19.9,24.1,233.0,234.0,-5.7,-6.0,2026-01-23 22:00:00
11.7,14.1,18.9,23.9,221.0,230.0,-6.1,-6.3,2026-01-23 23:00:00
8.8,13.5,16.2,23.0,206.0,225.0,-7.3,-6.5,2026-01-24 00:00:00
5.3,11.4,10.8,19.6,206.0,219.0,-8.0,-6.7,2026-01-24 01:00:00
2.4,9.6,4.4,16.5,199.0,210.0,-8.9,-6.6,2026-01-24 02:00:00
2.2,7.9,1.6,13.9,84.0,193.0,-9.2,-7.5,2026-01-24 03:00:00
7.3,7.0,11.2,11.0,90.0,166.0,-9.7,-8.7,2026-01-24 04:00:00
10.4,8.2,22.5,9.0,72.0,133.0,-9.1,-9.9,2026-01-24 05:00:00
8.7,7.8,19.8,14.0,70.0,97.0,-10.1,-9.5,2026-01-24 06:00:00
10.2,8.9,21.6,17.6,70.0,83.0,-10.7,-9.0,2026-01-24 07:00:00
12.0,10.2,24.5,19.2,72.0,79.0,-9.5,-8.6,2026-01-24 08:00:00
13.4,10.3,26.3,24.1,75.0,72.0,-7.0,-6.6,2026-01-24 09:00:00
18.0,17.6,28.5,29.9,70.0,67.0,-4.6,-3.9,2026-01-24 10:00:00
21.8,23.4,32.3,35.0,68.0,62.0,-3.6,-2.5,2026-01-24 11:00:00
23.7,26.2,34.5,39.0,69.0,64.0,-2.5,-1.8,2026-01-24 12:00:00
22.6,26.6,33.5,39.6,72.0,68.0,-1.9,-1.2,2026-01-24 13:00:00
20.7,25.0,31.2,37.6,76.0,71.0,-1.5,-1.5,2026-01-24 14:00:00
18.2,22.7,30.5,35.9,78.0,73.0,-1.7,-1.4,2026-01-24 15:00:00
18.0,21.2,31.9,35.8,76.0,79.0,-2.9,-2.4,2026-01-24 16:00:00
19.1,20.7,34.1,35.8,76.0,82.0,-4.6,-4.1,2026-01-24 17:00:00
17.7,20.2,32.0,35.2,80.0,85.0,-6.0,-5.2,2026-01-24 18:00:00
17.5,19.3,32.6,34.5,82.0,85.0,-6.5,-5.5,2026-01-24 19:00:00
17.9,19.2,33.3,34.0,80.0,82.0,-6.3,-5.4,2026-01-24 20:00:00
16.4,18.1,31.3,32.2,80.0,85.0,-6.3,-4.9,2026-01-24 21:00:00
15.3,17.0,29.3,31.0,79.0,84.0,-6.0,-4.8,2026-01-24 22:00:00
14.0,15.7,27.2,29.8,80.0,83.0,-6.5,-5.5,2026-01-24 23:00:00
13.3,15.0,27.2,29.2,77.0,81.0,-6.6,-5.2,2026-01-25 00:00:00
13.0,14.7,26.7,28.5,74.0,79.0,-5.7,-4.4,2026-01-25 01:00:00
12.6,13.3,26.1,27.3,72.0,74.0,-5.4,-4.6,2026-01-25 02:00:00
11.7,11.9,24.2,25.3,74.0,70.0,-5.0,-4.8,2026-01-25 03:00:00
10.1,10.5,21.9,23.1,71.0,69.0,-5.4,-5.0,2026-01-25 04:00:00
8.7,8.6,21.4,19.9,66.0,69.0,-5.8,-5.0,2026-01-25 05:00:00
2.0,4.4,4.0,12.4,60.0,69.0,-7.4,-6.0,2026-01-25 06:00:00
7.9,2.4,13.0,1.5,225.0,120.0,-7.2,-6.6,2026-01-25 07:00:00
6.5,4.6,12.6,7.7,218.0,191.0,-6.3,-5.0,2026-01-25 08:00:00
3.3,3.8,9.0,8.6,232.0,206.0,-3.7,-3.0,2026-01-25 09:00:00
2.6,0.6,4.5,4.0,265.0,175.0,-1.8,-0.5,2026-01-25 10:00:00
2.2,3.4,3.2,5.7,56.0,49.0,-0.3,0.6,2026-01-25 11:00:00
4.0,5.4,6.6,9.4,41.0,47.0,0.6,1.3,2026-01-25 12:00:00
4.9,3.1,8.8,6.1,33.0,19.0,1.8,1.3,2026-01-25 13:00:00
3.4,3.9,6.4,7.6,11.0,278.0,1.9,2.2,2026-01-25 14:00:00
4.5,5.5,8.3,11.3,274.0,252.0,1.4,2.0,2026-01-25 15:00:00
7.4,7.7,18.1,17.9,260.0,257.0,0.2,0.5,2026-01-25 16:00:00
6.5,8.2,15.1,20.4,243.0,247.0,-2.1,-2.6,2026-01-25 17:00:00
6.5,6.3,15.2,13.5,231.0,218.0,-2.5,-3.3,2026-01-25 18:00:00
6.2,3.7,13.4,8.1,215.0,219.0,-3.2,-4.4,2026-01-25 19:00:00
6.9,4.2,12.7,7.3,211.0,230.0,-3.6,-3.7,2026-01-25 20:00:00
5.8,6.1,10.8,11.1,232.0,222.0,-3.5,-2.4,2026-01-25 21:00:00
3.3,4.1,6.1,8.9,227.0,228.0,-3.0,-2.1,2026-01-25 22:00:00
2.5,1.3,1.9,4.3,197.0,213.0,-3.7,-1.7,2026-01-25 23:00:00
3.5,2.3,5.6,2.4,119.0,48.0,-3.6,-2.5,2026-01-26 00:00:00
4.2,6.1,8.1,12.2,102.0,71.0,-3.8,-3.5,2026-01-26 01:00:00
6.9,6.5,13.0,13.6,76.0,79.0,-4.1,-3.7,2026-01-26 02:00:00
8.0,6.4,17.7,13.6,77.0,75.0,-3.7,-3.9,2026-01-26 03:00:00
8.0,7.4,18.6,16.1,77.0,77.0,-4.0,-4.3,2026-01-26 04:00:00
8.8,11.3,20.8,24.6,68.0,62.0,-6.0,-4.9,2026-01-26 05:00:00
9.7,10.3,23.4,23.0,63.0,67.0,-6.4,-5.7,2026-01-26 06:00:00
10.6,11.0,24.5,24.3,67.0,68.0,-6.6,-6.1,2026-01-26 07:00:00
11.5,11.2,25.0,24.8,67.0,62.0,-6.1,-5.6,2026-01-26 08:00:00
12.5,12.8,27.5,27.0,62.0,59.0,-3.8,-3.8,2026-01-26 09:00:00
12.0,13.4,32.5,30.6,64.0,60.0,-1.9,-1.3,2026-01-26 10:00:00
13.9,13.7,25.3,24.4,56.0,59.0,0.5,-0.4,2026-01-26 11:00:00
16.5,16.0,27.9,26.8,54.0,55.0,1.1,0.7,2026-01-26 12:00:00
18.2,17.5,30.0,29.8,54.0,55.0,2.3,2.1,2026-01-26 13:00:00
16.1,17.4,28.6,30.8,54.0,54.0,2.5,2.3,2026-01-26 14:00:00
15.2,16.3,29.7,31.6,59.0,59.0,2.1,1.4,2026-01-26 15:00:00
14.0,14.3,28.7,29.0,64.0,63.0,0.3,0.4,2026-01-26 16:00:00
12.7,13.1,26.7,27.4,67.0,67.0,-1.9,-2.0,2026-01-26 17:00:00
12.1,11.9,26.0,25.8,66.0,67.0,-3.7,-3.9,2026-01-26 18:00:00
12.1,11.6,26.3,25.6,65.0,66.0,-4.2,-4.3,2026-01-26 19:00:00
12.2,11.3,26.9,25.4,65.0,66.0,-4.7,-4.9,2026-01-26 20:00:00
13.0,10.7,28.0,25.0,63.0,65.0,-4.7,-4.9,2026-01-26 21:00:00
13.0,8.9,28.1,22.2,64.0,67.0,-5.0,-5.0,2026-01-26 22:00:00
13.5,5.9,28.6,16.3,66.0,65.0,-4.9,-5.8,2026-01-26 23:00:00
13.0,5.3,27.9,14.9,66.0,65.0,-4.9,-6.6,2026-01-27 00:00:00
10.7,4.9,24.9,13.2,67.0,68.0,-5.2,-6.2,2026-01-27 01:00:00
8.3,4.6,20.7,12.0,66.0,69.0,-5.7,-6.3,2026-01-27 02:00:00
6.5,4.1,17.6,10.7,65.0,68.0,-6.4,-6.3,2026-01-27 03:00:00
5.3,2.4,14.9,6.7,67.0,71.0,-6.3,-6.2,2026-01-27 04:00:00
5.7,2.7,16.7,4.0,65.0,243.0,-6.3,-6.4,2026-01-27 05:00:00
4.9,2.4,13.4,5.6,73.0,263.0,-6.3,-6.0,2026-01-27 06:00:00
3.9,2.2,8.3,6.1,92.0,275.0,-6.2,-5.1,2026-01-27 07:00:00
0.8,1.7,2.4,4.9,81.0,242.0,-5.5,-4.3,2026-01-27 08:00:00
0.4,0.8,0.8,4.4,243.0,251.0,-2.8,-2.2,2026-01-27 09:00:00
1.0,2.6,2.7,4.9,233.0,274.0,-1.2,-1.0,2026-01-27 10:00:00
1.7,2.9,1.9,3.6,331.0,319.0,1.1,0.8,2026-01-27 11:00:00
1.9,1.6,3.4,2.5,328.0,330.0,1.8,1.2,2026-01-27 12:00:00
0.9,2.2,1.8,3.9,349.0,332.0,2.5,1.7,2026-01-27 13:00:00
0.4,2.1,0.6,3.7,34.0,349.0,3.0,2.4,2026-01-27 14:00:00
0.6,0.4,1.5,0.8,330.0,45.0,2.8,2.3,2026-01-27 15:00:00
1.8,0.4,3.6,2.3,300.0,238.0,0.6,0.6,2026-01-27 16:00:00
5.4,1.0,12.0,2.8,242.0,281.0,-1.5,-1.5,2026-01-27 17:00:00
5.5,2.7,12.6,4.4,234.0,232.0,-1.6,-1.5,2026-01-27 18:00:00
5.8,1.8,13.8,4.7,246.0,247.0,-1.1,-1.5,2026-01-27 19:00:00
6.8,1.9,16.0,6.1,243.0,258.0,-0.5,-0.9,2026-01-27 20:00:00
6.8,1.8,16.3,6.7,241.0,246.0,-0.9,-1.1,2026-01-27 21:00:00
6.2,1.5,14.9,6.9,239.0,242.0,-1.4,-1.6,2026-01-27 22:00:00
6.7,2.9,16.5,10.5,242.0,254.0,-0.9,-2.5,2026-01-27 23:00:00
5.9,3.5,14.7,12.0,246.0,261.0,-0.6,-2.6,2026-01-28 00:00:00
6.0,3.6,15.7,13.2,265.0,263.0,-1.1,-3.1,2026-01-28 01:00:00
6.4,4.9,17.1,14.9,258.0,262.0,-1.3,-3.4,2026-01-28 02:00:00
6.5,6.3,17.6,16.8,246.0,254.0,-1.2,-4.0,2026-01-28 03:00:00
7.1,7.4,18.6,20.2,247.0,250.0,-1.5,-4.1,2026-01-28 04:00:00
5.6,9.1,14.5,23.1,245.0,254.0,-2.1,-3.1,2026-01-28 05:00:00
5.8,7.5,15.0,19.2,250.0,244.0,-1.9,-3.1,2026-01-28 06:00:00
6.0,7.7,16.1,20.3,252.0,250.0,-2.1,-3.2,2026-01-28 07:00:00
6.8,8.3,15.3,21.0,239.0,245.0,-1.2,-2.6,2026-01-28 08:00:00
6.8,6.4,13.6,18.6,248.0,247.0,0.3,-0.9,2026-01-28 09:00:00
7.2,6.1,9.5,12.1,261.0,249.0,0.8,0.6,2026-01-28 10:00:00
6.9,5.0,11.5,9.1,243.0,243.0,0.5,0.8,2026-01-28 11:00:00
4.6,3.5,8.7,6.7,252.0,272.0,1.3,2.1,2026-01-28 12:00:00
2.7,3.2,6.1,6.7,258.0,279.0,2.0,2.3,2026-01-28 13:00:00
2.6,2.2,5.6,4.0,277.0,302.0,2.1,2.5,2026-01-28 14:00:00
0.4,2.4,0.9,4.3,53.0,17.0,1.9,2.2,2026-01-28 15:00:00
2.1,3.9,4.9,6.2,98.0,52.0,0.9,0.7,2026-01-28 16:00:00
9.0,3.2,18.7,8.3,71.0,70.0,-1.4,-0.9,2026-01-28 17:00:00
12.7,6.8,25.4,16.4,64.0,75.0,-2.1,-2.6,2026-01-28 18:00:00
12.5,7.8,25.9,19.5,67.0,65.0,-2.3,-2.1,2026-01-28 19:00:00
9.3,9.1,22.3,22.7,61.0,59.0,-2.6,-2.2,2026-01-28 20:00:00
8.0,11.1,19.7,25.1,69.0,63.0,-3.3,-2.6,2026-01-28 21:00:00
9.6,10.1,20.2,24.1,73.0,63.0,-4.3,-3.1,2026-01-28 22:00:00
11.8,8.8,24.7,21.7,64.0,65.0,-4.1,-3.6,2026-01-28 23:00:00
6.8,6.5,18.8,19.0,61.0,60.0,-4.8,-4.4,2026-01-29 00:00:00
4.2,3.2,10.3,9.6,91.0,78.0,-5.3,-5.2,2026-01-29 01:00:00
3.7,2.7,7.5,3.9,98.0,114.0,-5.8,-5.4,2026-01-29 02:00:00
3.6,3.1,8.1,5.2,86.0,115.0,-6.4,-6.1,2026-01-29 03:00:00
2.6,3.1,3.4,7.0,115.0,61.0,-6.2,-6.0,2026-01-29 04:00:00
6.5,3.8,16.2,9.2,73.0,73.0,-5.2,-5.8,2026-01-29 05:00:00
5.8,4.6,15.2,11.4,66.0,78.0,-5.8,-5.8,2026-01-29 06:00:00
2.8,4.3,10.9,10.5,73.0,84.0,-6.9,-5.8,2026-01-29 07:00:00
3.1,6.9,8.0,11.9,98.0,80.0,-6.2,-4.5,2026-01-29 08:00:00
7.0,7.4,10.0,9.7,75.0,74.0,-3.3,-2.6,2026-01-29 09:00:00
11.2,10.7,14.9,13.5,69.0,57.0,-2.1,-1.1,2026-01-29 10:00:00
14.1,14.1,18.1,18.2,60.0,60.0,0.1,-0.1,2026-01-29 11:00:00
15.8,15.6,20.5,20.3,56.0,58.0,1.3,1.1,2026-01-29 12:00:00
15.8,15.4,21.0,20.0,53.0,54.0,1.3,1.7,2026-01-29 13:00:00
16.0,15.5,21.0,20.4,49.0,53.0,1.3,1.8,2026-01-29 14:00:00
14.4,14.0,19.7,19.1,46.0,48.0,1.0,1.4,2026-01-29 15:00:00
11.5,11.9,20.1,21.3,50.0,51.0,-0.7,-0.2,2026-01-29 16:00:00
10.7,10.7,23.9,24.1,57.0,59.0,-2.2,-2.0,2026-01-29 17:00:00
11.4,10.5,24.6,24.0,60.0,64.0,-2.7,-2.3,2026-01-29 18:00:00
13.0,11.4,26.9,24.8,61.0,67.0,-3.1,-2.8,2026-01-29 19:00:00
14.9,13.0,29.0,26.9,63.0,66.0,-3.5,-3.5,2026-01-29 20:00:00
16.1,15.0,30.6,29.9,63.0,65.0,-3.7,-3.7,2026-01-29 21:00:00
16.3,15.7,30.7,30.6,64.0,67.0,-3.9,-3.7,2026-01-29 22:00:00
15.1,14.9,29.4,30.0,67.0,67.0,-4.0,-4.2,2026-01-29 23:00:00
15.5,15.8,29.9,31.1,66.0,66.0,-4.3,-4.6,2026-01-30 00:00:00
15.8,14.8,30.1,29.3,65.0,68.0,-4.6,-4.8,2026-01-30 01:00:00
15.6,13.5,29.3,27.3,65.0,70.0,-4.8,-5.0,2026-01-30 02:00:00
16.0,13.1,29.6,26.6,65.0,70.0,-5.1,-5.2,2026-01-30 03:00:00
15.8,13.5,29.7,27.5,65.0,68.0,-5.3,-5.5,2026-01-30 04:00:00
17.0,14.9,30.5,28.8,63.0,65.0,-5.2,-5.7,2026-01-30 05:00:00
16.6,15.5,29.0,29.4,64.0,64.0,-5.3,-5.7,2026-01-30 06:00:00
16.3,16.0,28.6,29.7,66.0,65.0,-5.5,-5.8,2026-01-30 07:00:00
17.1,17.3,29.3,29.9,66.0,64.0,-4.9,-5.0,2026-01-30 08:00:00
19.6,18.6,30.6,30.4,63.0,62.0,-2.2,-2.6,2026-01-30 09:00:00
20.7,20.5,32.6,31.3,60.0,57.0,0.2,-0.8,2026-01-30 10:00:00
24.4,22.8,34.9,33.7,55.0,58.0,1.7,1.3,2026-01-30 11:00:00
25.8,24.5,36.7,34.7,55.0,57.0,2.8,3.2,2026-01-30 12:00:00
26.6,24.5,38.4,35.1,55.0,58.0,3.3,3.5,2026-01-30 13:00:00
25.5,23.3,37.8,33.8,55.0,58.0,3.4,3.8,2026-01-30 14:00:00
22.6,19.4,36.3,33.6,61.0,63.0,3.7,3.6,2026-01-30 15:00:00
20.2,16.5,34.0,29.2,61.0,62.0,1.7,2.3,2026-01-30 16:00:00
16.6,15.7,31.5,30.2,64.0,65.0,-0.7,-1.2,2026-01-30 17:00:00
14.4,13.4,28.5,26.5,67.0,68.0,-2.5,-3.0,2026-01-30 18:00:00
14.5,13.2,28.7,25.9,67.0,69.0,-3.2,-3.8,2026-01-30 19:00:00
15.4,12.6,29.5,25.3,68.0,70.0,-3.4,-4.1,2026-01-30 20:00:00
15.3,11.3,29.2,23.5,70.0,69.0,-3.6,-4.3,2026-01-30 21:00:00
14.6,8.4,28.2,20.2,71.0,70.0,-3.7,-4.5,2026-01-30 22:00:00
13.7,5.1,27.5,14.7,70.0,65.0,-3.9,-5.7,2026-01-30 23:00:00
13.0,5.8,26.9,16.3,69.0,67.0,-4.1,-6.0,2026-01-31 00:00:00
12.3,7.4,26.3,18.7,67.0,68.0,-4.4,-5.8,2026-01-31 01:00:00
12.7,8.7,26.9,20.8,65.0,68.0,-4.8,-6.0,2026-01-31 02:00:00
13.3,8.9,28.7,21.8,64.0,66.0,-4.9,-6.1,2026-01-31 03:00:00
13.8,9.3,29.5,22.9,63.0,64.0,-4.9,-6.1,2026-01-31 04:00:00
14.0,14.3,29.4,29.8,63.0,62.0,-4.0,-5.5,2026-01-31 05:00:00
13.7,14.1,28.7,29.8,61.0,60.0,-4.4,-5.6,2026-01-31 06:00:00
14.2,14.7,29.6,30.2,60.0,60.0,-4.7,-5.6,2026-01-31 07:00:00
15.9,17.4,30.2,31.8,60.0,61.0,-3.4,-4.3,2026-01-31 08:00:00
17.9,17.5,31.1,33.2,57.0,56.0,-0.1,-1.3,2026-01-31 09:00:00
21.2,19.8,30.7,29.9,53.0,53.0,2.5,0.9,2026-01-31 10:00:00
22.3,21.7,30.8,30.5,53.0,52.0,4.0,3.0,2026-01-31 11:00:00
22.8,22.4,31.0,31.3,51.0,51.0,5.0,3.7,2026-01-31 12:00:00
23.3,22.2,32.1,31.0,54.0,51.0,5.8,4.3,2026-01-31 13:00:00
22.2,20.8,31.0,29.4,54.0,50.0,6.5,4.5,2026-01-31 14:00:00
18.7,18.6,32.0,29.8,53.0,51.0,5.2,3.8,2026-01-31 15:00:00
17.1,18.0,30.7,31.2,58.0,58.0,3.3,2.3,2026-01-31 16:00:00
11.3,11.1,25.1,25.4,63.0,63.0,1.6,0.1,2026-01-31 17:00:00
7.8,7.4,20.6,20.1,63.0,67.0,0.4,-0.8,2026-01-31 18:00:00
5.5,5.6,15.2,15.3,66.0,70.0,-0.3,-0.8,2026-01-31 19:00:00
3.2,1.9,9.0,8.3,80.0,85.0,-0.3,-0.2,2026-01-31 20:00:00
1.6,1.4,4.1,5.2,92.0,121.0,0.4,0.8,2026-01-31 21:00:00
2.7,0.7,4.3,3.6,204.0,127.0,0.5,1.0,2026-01-31 22:00:00
1.5,0.4,3.6,2.3,177.0,119.0,0.6,0.1,2026-01-31 23:00:00
